name,type,score,raitings,hex,rgb,category,marca
sheer luck,classic,5,3,#f4e1e8,"rgb(244,225,225)",sheers,essie
always transparent,exprclassic,0,0,#fafbf8,"rgb(250,251,251)",sheers,essie
tuck it in my tux,classic,3.4,15,#f5f1ee,"rgb(245,241,241)",sheers,essie
desk mani,exprclassic,0,0,#f78963,"rgb(247,137,137)",sheers,essie
marshmallow,classic,4.4,83,#f1e6e3,"rgb(240,228,228)",sheers,essie
waltz,classic,4.8,15,#eae7da,"rgb(234,231,231)",sheers,essie
baby's breath,classic,5,4,#f5e7de,"rgb(245,231,231)",sheers,essie
allure,classic,4.9,19,#f7e7d8,"rgb(246,230,230)",sheers,essie
adore-a-ball,classic,4.6,10,#f9e9e9,"rgb(249,233,233)",sheers,essie
limo-scene,classic,4.3,31,#f0ece4,"rgb(238,234,234)",sheers,essie
pass-port to sail,classic,4,4,#d0c1ad,"rgb(208,193,193)",sheers,essie
east hamption cottage,classic,4.7,7,#f7e4dd,"rgb(247,228,228)",sheers,essie
ballet slippers,classic,4.5,174,#d8bdb9,"rgb(215,188,188)",sheers,essie
angel food,classic,5,6,#f0ddd6,"rgb(240,221,221)",sheers,essie
mademoiselle,classic,4.7,23,#f2d4d5,"rgb(242,212,212)",sheers,essie
skinny dip,classic,4.9,9,#f4cfc4,"rgb(244,207,207)",sheers,essie
vanity fairest,classic,4.6,50,#fee3e0,"rgb(254,227,227)",sheers,essie
hi maintenace,classic,3.8,17,#f1d5e5,"rgb(241,213,213)",sheers,essie
sugar daddy,classic,4.5,81,#fbcfe0,"rgb(251,207,207)",sheers,essie
spaghetti strap,classic,4.3,12,#f1bdc8,"rgb(241,189,189)",sheers,essie
pink glove service,classic,4.9,17,#f7bdc3,"rgb(247,189,189)",sheers,essie
back in the limo,classic,5,3,#f8b8ab,"rgb(248,184,184)",sheers,essie
dress is more,gel couture,5,4,#ffeee6,"rgb(255,238,238)",sheers,essie
blush-worthy,gel couture,4.5,2,#fdbfbd,"rgb(253,191,191)",sheers,essie
lace is more,gel couture,5,1,#ffefeb,"rgb(255,239,239)",whites,essie
let it bow,classic,2,3,#f1efec,"rgb(241,239,239)",whites,essie
twinkle in time,classic,0,0,#ebecf0,"rgb(235,236,236)",whites,essie
all daisy long,classic,4.2,5,#ece5db,"rgb(236,229,229)",whites,essie
get oasis,classic,0,0,#fdebdd,"rgb(253,235,235)",whites,essie
chiffon the move,gel couture,5,2,#f3efec,"rgb(243,239,239)",whites,essie
blanc,classic,4.2,61,#e8e8e8,"rgb(232,232,232)",whites,essie
boing seady,classic,5,2,#ece5d7,"rgb(236,229,229)",whites,essie
galentine,classic,0,0,#f5bdc0,"rgb(245,189,189)",whites,essie
pearly white,classic,4.8,5,#f2ece7,"rgb(242,236,236)",whites,essie
lace to the altar,gel couture,4.1,9,#edeeea,"rgb(237,238,238)",whites,essie
pre-show jitters,gel couture,4.7,15,#fff1f4,"rgb(255,241,241)",whites,essie
oicture perfect,gel couture,4.7,6,#f4eae2,"rgb(244,234,234)",whites,essie
satin slipper,gel couture,5,6,#f8d9c8,"rgb(248,217,217)",whites,essie
urban jungle,classic,0,0,#e5dbd2,"rgb(229,219,219)",whites,essie
lace me up,gel couture,3.9,17,#fee5e4,"rgb(254,229,229)",whites,essie
diamond in the cuff,gel couture,4.6,48,#fcece5,"rgb(252,236,236)",whites,essie
mixtaupe,classic,0,0,#e2d1c9,"rgb(226,209,209)",whites,essie
wearing hue?,gel couture,4.9,9,#fde1e4,"rgb(253,225,225)",whites,essie
imported bubbly,classic,3.6,11,#f6ded4,"rgb(246,222,222)",whites,essie
between the seats,classic,4.6,5,#deccc9,"rgb(222,204,204)",whites,essie
go go geisha,classic,0,0,#e7c3c6,"rgb(231,195,195)",nudes,essie
talk to the sand,classic,5,1,#fee2de,"rgb(254,226,226)",nudes,essie
stirring secrets,classic,5,3,#feddd9,"rgb(254,221,221)",nudes,essie
mind-full meditation,classic,4.8,4,#d6c7c1,"rgb(214,199,199)",nudes,essie
sheer selhouette,gel couture,5,1,#fbb8a8,"rgb(251,184,184)",nudes,essie
last nightie,gel couture,5,1,#e2bbb3,"rgb(226,187,187)",nudes,essie
you're a catch,classic,0,0,#feb6a5,"rgb(254,182,182)",nudes,essie
in full swing,classic,1.5,4,#fdb4aa,"rgb(253,180,180)",nudes,essie
feeling wellies,classic,3.4,7,#feceaa,"rgb(254,206,206)",nudes,essie
buttoned & buffed,gel couture,0,0,#e5b6a6,"rgb(229,182,182)",nudes,essie
rainwear don't care,classic,0,0,#f2dece,"rgb(242,222,222)",nudes,essie
high sewciety,gel couture,0,0,#d8b4b3,"rgb(216,180,180)",nudes,essie
come out to clay,classic,4.5,17,#e9b7b1,"rgb(233,183,183)",nudes,essie
of corset,gel couture,5,2,#e0aa9d,"rgb(224,170,170)",nudes,essie
buns up,exprclassic,0,0,#e2c1b2,"rgb(226,193,193)",nudes,essie
like a rebel,classic,0,0,#d39e95,"rgb(211,158,158)",nudes,essie
home grown,classic,0,0,#e08c6c,"rgb(224,140,140)",nudes,essie
low tide high slit,gel couture,0,0,#ddac9b,"rgb(221,172,172)",nudes,essie
call your bluff,classic,0,0,#c59c94,"rgb(197,156,156)",nudes,essie
of quarts,classic,5,1,#c4a499,"rgb(196,164,164)",nudes,essie
into the a-bliss,classic,4.6,17,#e28a95,"rgb(226,138,138)",nudes,essie
lady like remixed,classic,4.7,96,#e4aaa7,"rgb(228,170,170)",nudes,essie
kaf-tan,classic,5,2,#e18335,"rgb(225,131,131)",nudes,essie
don't be latte,exprclassic,0,0,#b08a62,"rgb(176,138,138)",nudes,essie
mid-day mocha,exprclassic,0,0,#b1927d,"rgb(177,146,146)",nudes,essie
wool me over,gel couture,0,0,#916b58,"rgb(145,107,107)",nudes,essie
on the bright cider,classic,5,4,#cf774f,"rgb(207,119,119)",nudes,essie
cliff hanger,classic,5,1,#bd7257,"rgb(189,114,114)",nudes,essie
rocky rose,classic,4.7,29,#d1493a,"rgb(209,73,73)",nudes,essie
don't be choco-late,classic,0,0,#763126,"rgb(118,49,49)",nudes,essie
bed rock& roll,classic,3.6,8,#83342c,"rgb(131,52,52)",nudes,essie
lighten the mood,classic,4.4,17,#ecd7d6,"rgb(236,215,215)",nudes,essie
don't be salty,classic,5,3,#dbb8af,"rgb(219,184,184)",nudes,essie
sand tropez,classic,4.8,72,#cfb7aa,"rgb(207,183,183)",nudes,essie
topless & barefoot,classic,4.6,62,#c7b4ae,"rgb(199,180,180)",nudes,essie
high class afair,classic,4,3,#facebb,"rgb(250,206,206)",nudes,essie
spin the bottle,classic,4.8,19,#dbbab3,"rgb(219,186,186)",nudes,essie
perennial chic,classic,4,2,#e2ab9b,"rgb(226,171,171)",nudes,essie
handmade of honor,gel couture,5,14,#e7b49d,"rgb(231,180,180)",nudes,essie
spool me over,gel couture,4.7,19,#fcc9ae,"rgb(252,201,201)",nudes,essie
tailor made with love,gel couture,0,0,#e79c8f,"rgb(231,156,156)",nudes,essie
wild nude,classic,4.6,71,#c3a095,"rgb(195,160,160)",nudes,essie
lady like,classic,4.7,96,#cda9b1,"rgb(205,169,169)",nudes,essie
demure vix,classic,4.9,23,#c59d9f,"rgb(197,157,157)",nudes,essie
touch up,gel couture,0,0,#cd94a2,"rgb(205,148,148)",nudes,essie
not just a pretty face,classic,4.7,10,#dec2b9,"rgb(222,194,194)",nudes,essie
bare with me,classic,4.6,25,#d5a696,"rgb(213,166,166)",nudes,essie
at the barre,gel couture,5,7,#eabaa4,"rgb(234,186,186)",nudes,essie
sunny daze,classic,3.5,2,#9b3917,"rgb(155,57,57)",nudes,essie
less is aura,classic,5,3,#c08879,"rgb(192,136,136)",nudes,essie
sew me,gel couture,0,0,#e29181,"rgb(226,145,145)",nudes,essie
pinned up,gel couture,4.6,122,#da8576,"rgb(218,133,133)",nudes,essie
mamba,classic,5,5,#cf8573,"rgb(207,133,133)",nudes,essie
suit & tie,classic,5,1,#c57466,"rgb(197,116,116)",nudes,essie
clothing optional,classic,4.7,16,#9e7169,"rgb(158,113,113)",nudes,essie
buy me a cameo,classic,4.4,19,#c2938a,"rgb(194,147,147)",nudes,essie
tea & crumpets,classic,0,0,#e2ae9d,"rgb(226,174,174)",nudes,essie
on behavve,classic,5,2,#dc8678,"rgb(220,134,134)",nudes,essie
eternal optimist,classic,4.8,57,#edaba1,"rgb(237,171,171)",nudes,essie
princess charming,gel couture,4.7,136,#bd8188,"rgb(189,129,129)",nudes,essie
last nights look,gel couture,5,1,#f2d2d7,"rgb(242,210,210)",nudes,essie
fun in the gondola,classic,5,11,#d26475,"rgb(210,100,100)",nudes,essie
let it glow,classic,4.4,15,#f47f7a,"rgb(244,127,127)",nudes,essie
island hopping,classic,5,2,#905364,"rgb(144,83,83)",nudes,essie
walk the hemline,gel couture,2,4,#905456,"rgb(144,84,84)",nudes,essie
high tide & dives,classic,5,2,#ceb08c,"rgb(206,176,176)",nudes,essie
mochacino,classic,4.9,23,#927f78,"rgb(146,127,127)",nudes,essie
truth or bare,classic,5,1,#6d4d42,"rgb(109,77,77)",nudes,essie
mink muffs,classic,0,0,#6e534e,"rgb(110,83,83)",nudes,essie
teacup half full,classic,5,1,#a36053,"rgb(163,96,96)",nudes,essie
in stitches,classic,4.5,4,#a93b58,"rgb(169,59,59)",nudes,essie
mrs alwars-right,classic,4.8,26,#af455b,"rgb(175,69,69)",nudes,essie
angora cardi,classic,4.7,38,#6b2838,"rgb(107,40,40)",nudes,essie
pearls of wisdom ,gel couture,3.9,15,#763127,"rgb(118,49,49)",nudes,essie
chocolate cakes,classic,4.9,8,#390a06,"rgb(57,10,10)",nudes,essie
seeing stars,classic,5,1,#543a2d,"rgb(84,58,58)",nudes,essie
ballet slippers remixed,classic,4.5,174,#fedfe0,"rgb(254,223,223)",pinks,essie
pillow talk the talk,classic,2.3,3,#f8d9e1,"rgb(248,217,217)",pinks,essie
crish & blush,classic,0,0,#ebb5b6,"rgb(235,181,181)",pinks,essie
bonbon nuit,classic,0,0,#f2d7ed,"rgb(242,215,215)",pinks,essie
matter of fiction,gel couture,4.3,37,#f3d8dd,"rgb(243,216,216)",pinks,essie
ballet sneackers,classic,5,3,#fddae4,"rgb(253,218,218)",pinks,essie
gossamer garments,gel couture,5,2,#fbbdc4,"rgb(251,189,189)",pinks,essie
free to roam,classic,0,0,#fec9d9,"rgb(254,201,201)",pinks,essie
polished and poised,gel couture,0,0,#f3babd,"rgb(243,186,186)",pinks,essie
kissed by mist,classic,3.3,3,#f8c2d6,"rgb(248,194,194)",pinks,essie
wet-suited up,classic,0,0,#ebbfd0,"rgb(235,191,191)",pinks,essie
everithing's rosy,classic,0,0,#fdaeb6,"rgb(253,174,174)",pinks,essie
the snuggle is real,classic,0,0,#de9f98,"rgb(222,159,159)",pinks,essie
gilded goddess,classic,5,1,#e98697,"rgb(233,134,134)",pinks,essie
one way for one,classic,0,0,#e57ba2,"rgb(229,123,123)",pinks,essie
woven with wisdom,gel couture,0,0,#d287a7,"rgb(210,135,135)",pinks,essie
talk sweet to me,classic,0,0,#fc7091,"rgb(252,112,112)",pinks,essie
throw in the towel,classic,0,0,#fa6d86,"rgb(250,109,109)",pinks,essie
blossoms n' besties,classic,0,0,#fd72a2,"rgb(253,114,114)",pinks,essie
going all in,classic,0,0,#b86b7d,"rgb(184,107,107)",pinks,essie
sequ-in the know,gel couture,0,0,#e27179,"rgb(226,113,113)",pinks,essie
satin slipper,classic,5,1,#e17381,"rgb(225,115,115)",pinks,essie
"piece, love & chocolate",classic,0,0,#cf4c81,"rgb(207,76,76)",pinks,essie
sparkles between us,classic,0,0,#d04e7e,"rgb(208,78,78)",pinks,essie
retreat yourself,classic,0,0,#ce6057,"rgb(206,96,96)",pinks,essie
good vibrations,classic,5,1,#dc5a9d,"rgb(220,90,90)",pinks,essie
checked in,exprclassic,5,1,#d78a88,"rgb(215,138,138)",pinks,essie
sleepover squad,classic,0,0,#d13b91,"rgb(209,59,59)",pinks,essie
slumber party on,classic,0,0,#c94072,"rgb(201,64,64)",pinks,essie
no shade here,classic,0,0,#f64069,"rgb(246,64,64)",pinks,essie
garment glory,gel couture,0,0,#a32a59,"rgb(163,42,42)",pinks,essie
gossip n' splill,classic,0,0,#7b1928,"rgb(123,25,25)",pinks,essie
head over wheels,classic,0,0,#bb1170,"rgb(187,17,17)",pinks,essie
peak show,classic,4.4,14,#e8d5de,"rgb(232,213,213)",pinks,essie
minimalistic,classic,4.1,43,#ead5d7,"rgb(234,213,213)",pinks,essie
romper room ,classic,4.9,33,#f6dde1,"rgb(246,221,221)",pinks,essie
polar-izing,classic,0,0,#dec4ca,"rgb(222,196,196)",pinks,essie
"muchi, muchi",classic,4.2,76,#ebd4d5,"rgb(235,212,212)",pinks,essie
wire-less is more,classic,3.7,10,#c19e9f,"rgb(193,158,158)",pinks,essie
pr stunt,gel couture,5,1,#f9c9da,"rgb(249,201,201)",pinks,essie
fiji,classic,4.4,136,#eec4c3,"rgb(238,196,196)",pinks,essie
"young, wild & more",classic,5,2,#e5aba9,"rgb(229,171,171)",pinks,essie
pink diamond,classic,4.5,26,#edb0ba,"rgb(237,176,176)",pinks,essie
need a vacation,classic,4.9,9,#eca5b8,"rgb(236,165,165)",pinks,essie
delhi dance,classic,5,2,#ea93a9,"rgb(234,147,147)",pinks,essie
pin me pink,classic,0,0,#e28a97,"rgb(226,138,138)",pinks,essie
perfect mate,classic,0,0,#d99e99,"rgb(217,158,158)",pinks,essie
out of the jukebox,classic,2.8,5,#eda196,"rgb(237,161,161)",pinks,essie
moments to mrs,gel couture,5,4,#df9cb9,"rgb(223,156,156)",pinks,essie
haute to trot,gel couture,4.3,15,#fc85b2,"rgb(252,133,133)",pinks,essie
lovie dovie,classic,4.5,11,#ecd6e1,"rgb(236,214,214)",pinks,essie
mod square,classic,4.8,33,#d57aa6,"rgb(213,122,122)",pinks,essie
"you, me & the sea",classic,5,1,#cb7b9b,"rgb(203,123,123)",pinks,essie
model citizen,gel couture,4.8,8,#e35d95,"rgb(227,93,93)",pinks,essie
pansy,classic,5,1,#fb6389,"rgb(251,99,99)",pinks,essie
babes in the booth,classic,0,0,#ce5474,"rgb(206,84,84)",pinks,essie
fairy tailor,gel couture,4.4,153,#fad5ce,"rgb(250,213,213)",pinks,essie
the it-factor,gel couture,4.5,16,#c80044,"rgb(200,0,0)",pinks,essie
the fuchsia is bright ,classic,0,0,#cd2f73,"rgb(205,47,47)",pinks,essie
sheer fantasy,gel couture,4.2,111,#fbc9ce,"rgb(251,201,201)",pinks,essie
inside scoop,gel couture,4.2,6,#fbb3c3,"rgb(251,179,179)",pinks,essie
secret story,classic,5,6,#de5491,"rgb(222,84,84)",pinks,essie
watermelon,classic,4.9,90,#d7034d,"rgb(215,3,3)",pinks,essie
sit me in front row,gel couture,3.4,14,#b30b41,"rgb(179,11,11)",pinks,essie
bachelorette bash,classic,5,25,#cd547d,"rgb(205,84,84)",pinks,essie
double breasted jacket,classic,4.8,4,#da828b,"rgb(218,130,130)",pinks,essie
haute in the heat,classic,4.9,17,#b51a4a,"rgb(181,26,26)",pinks,essie
"stop, drop & shop",classic,4.8,5,#8a3848,"rgb(138,56,56)",pinks,essie
v.i.please,gel couture,4.8,5,#c06d8e,"rgb(192,109,109)",pinks,essie
stitch by stitch,gel couture,4.8,13,#f991a2,"rgb(249,145,145)",pinks,essie
a touch of sugar,classic,5,1,#edbebf,"rgb(237,190,190)",corals,essie
sunrush metal,gel couture,4.7,32,#f38974,"rgb(243,137,137)",corals,essie
set in sandstone,classic,0,0,#f79d80,"rgb(247,157,157)",corals,essie
check in to check out,classic,0,0,#fc8676,"rgb(252,134,134)",corals,essie
sunset soiree,gel couture,0,0,#f15d5f,"rgb(241,93,93)",corals,essie
coastal couture,gel couture,0,0,#dd636a,"rgb(221,99,99)",corals,essie
cupids beau,classic,0,0,#f43f25,"rgb(244,63,63)",corals,essie
confection affection,classic,5,1,#f75c09,"rgb(247,92,92)",corals,essie
"yes, I canyon",classic,5,1,#d6574a,"rgb(214,87,87)",corals,essie
rust worthy,classic,5,1,#532b1d,"rgb(83,43,43)",corals,essie
coral coast,classic,3.3,4,#f8c19f,"rgb(248,193,193)",corals,essie
Sunday funday,classic,4.9,25,#fb5151,"rgb(251,81,81)",corals,essie
resort fling,classic,5,9,#fe6047,"rgb(254,96,96)",corals,essie
hold the position,gel couture,3.7,3,#fcb3aa,"rgb(252,179,179)",corals,essie
stones n' roses,classic,4.5,8,#fca0a9,"rgb(252,160,160)",corals,essie
couture curator ,gel couture,4.5,134,#fdb3b9,"rgb(253,179,179)",corals,essie
exhibit a-line,gel couture,0,0,#fc8a75,"rgb(252,138,138)",corals,essie
peach side babe,classic,4,11,#ef6c68,"rgb(239,108,108)",corals,essie
tart deco,classic,4.6,84,#fd8e8d,"rgb(253,142,142)",corals,essie
claim to fame ,classic,2.3,26,#ca6c5f,"rgb(202,108,108)",corals,essie
looks to thrill,gel couture,4.7,18,#ff906f,"rgb(255,144,144)",corals,essie
signature smile,gel couture,4.6,13,#ff5e74,"rgb(255,94,94)",corals,essie
cute as a button,classic,4.8,69,#fe667b,"rgb(254,102,102)",corals,essie
guilty pleasures,classic,4.9,13,#f66f7b,"rgb(246,111,111)",corals,essie
strike a rose,classic,5,1,#e75287,"rgb(231,82,82)",corals,essie
on the list,gel couture,4.4,20,#e17069,"rgb(225,112,112)",corals,essie
sizzling hot style stunner,gel couture,0,0,#e82637,"rgb(232,38,38)",corals,essie
style stunner,gel couture,0,0,#f74f26,"rgb(247,79,79)",corals,essie
come here,classic,5,1,#fe5353,"rgb(254,83,83)",corals,essie
ole caliente,classic,5,4,#f6414a,"rgb(246,65,65)",corals,essie
sunshine state of mind,classic,4.7,3,#ea583e,"rgb(234,88,88)",corals,essie
at the helm,classic,4.5,2,#d86452,"rgb(216,100,100)",corals,essie
chubby cheeks,classic,5,1,#c94339,"rgb(201,67,67)",corals,essie
soles on fire,classic,2.1,16,#fe8301,"rgb(254,131,131)",corals,essie
too too hot,classic,5,11,#f63d38,"rgb(246,61,61)",corals,essie
meet me at sunset,classic,4.8,20,#f1381e,"rgb(241,56,56)",corals,essie
peach daiquiri,classic,4.7,29,#f64b5e,"rgb(246,75,75)",corals,essie
flashed,gel couture,0,0,#ff0018,"rgb(255,0,0)",corals,essie
clambake,classic,4.6,24,#fe2822,"rgb(254,40,40)",corals,essie
e-nuf is e-nuf,classic,4,2,#e6324d,"rgb(230,50,77)",corals,essie
tug at the harpstrings,classic,0,0,#96151e,"rgb(150,21,21)",reds,essie
yor're so cupid,classic,3,1,#ef4a64,"rgb(239,74,74)",reds,essie
feelin' poppy,classic,0,0,#ff2315,"rgb(255,35,35)",reds,essie
bold boundries,gel couture,0,0,#e60144,"rgb(230,1,1)",reds,essie
hustle n bustle,exprclassic,0,0,#e1564e,"rgb(225,86,86)",reds,essie
geranium,classic,5,32,#f82f16,"rgb(248,47,47)",reds,essie
libing legend,gel couture,5,4,#f00134,"rgb(240,1,1)",reds,essie
fifth avenue,classic,5,19,#e31207,"rgb(227,18,18)",reds,essie
spice it up,classic,0,0,#d21f1b,"rgb(210,31,31)",reds,essie
russian roulette,classic,5,23,#e92614,"rgb(233,38,38)",reds,essie
roses are red,classic,0,0,#9c0204,"rgb(156,2,2)",reds,essie
aperitif,classic,5,4,#e30704,"rgb(227,7,7)",reds,essie
plumberry,classic,4.9,17,#741631,"rgb(116,22,22)",reds,essie
surprise & delight,classic,0,0,#9b1420,"rgb(155,20,20)",reds,essie
lecquered uo,classic,4.8,19,#d90b1a,"rgb(217,11,11)",reds,essie
beaauty marked,gel couture,4.6,20,#d5011e,"rgb(213,1,1)",reds,essie
with the band,classic,4.4,13,#9d1e22,"rgb(157,30,30)",reds,essie
be cherry,classic,4.5,2,#b62140,"rgb(182,33,33)",reds,essie
berry nice,classic,5,1,#8e1e47,"rgb(142,30,30)",reds,essie
ring the bling,classic,5,3,#d73f5b,"rgb(215,63,63)",reds,essie
rock the runway,gel couture,4.5,24,#d10926,"rgb(209,9,9)",reds,essie
sequins on the rocks,gel couture,0,0,#bc364f,"rgb(188,54,54)",reds,essie
exotic liras,classic,4.5,6,#d1053c,"rgb(209,5,5)",reds,essie
she's pampered,classic,5,2,#b31a39,"rgb(179,26,26)",reds,essie
glazed days,classic,5,1,#d5006b,"rgb(213,0,0)",reds,essie
really red,classic,5,33,#c41614,"rgb(196,22,22)",reds,essie
game theory,classic,3,2,#882830,"rgb(136,40,40)",reds,essie
limited addiction,classic,4.9,12,#ab1f1c,"rgb(171,31,31)",reds,essie
#essielove,classic,0,0,#970a17,"rgb(151,10,10)",reds,essie
bolt and be bold,exprclassic,0,0,#d43609,"rgb(212,54,54)",reds,essie
notifications on,exprclassic,5,1,#a03f3e,"rgb(160,63,63)",reds,essie
cherry on top,classic,0,0,#d50346,"rgb(213,3,3)",reds,essie
lady in red,gel couture,0,0,#d30218,"rgb(211,2,2)",reds,essie
no red-y for bed,classic,0,0,#c00020,"rgb(192,0,0)",reds,essie
in a gingersnap,classic,0,0,#a51253,"rgb(165,18,18)",reds,essie
knotty or nice,classic,2.7,7,#a01543,"rgb(160,21,21)",reds,essie
pjammin' all night,classic,0,0,#ac0035,"rgb(172,0,0)",reds,essie
adrenaline brush,classic,5,1,#c70201,"rgb(199,2,2)",reds,essie
seize the minute,exprclassic,4.7,275,#ba0c14,"rgb(186,12,12)",reds,essie
forever yummy,classic,4.8,53,#94020a,"rgb(148,2,2)",reds,essie
scarlet starlet,gel couture,0,0,#7b0104,"rgb(123,1,1)",reds,essie
hear me aurora,classic,3,1,#912144,"rgb(145,33,33)",reds,essie
wicked fierce,classic,0,0,#5b2f2c,"rgb(91,47,47)",reds,essie
fishnet stockings,classic,5,26,#7e141d,"rgb(126,20,20)",reds,essie
forever family,gel couture,4.9,7,#943255,"rgb(148,50,50)",reds,essie
angora cardi remixes ,classic,4.7,38,#af5566,"rgb(175,85,85)",reds,essie
scarlett o'hara,classic,5,12,#820f14,"rgb(130,15,15)",reds,essie
a-list,classic,4.7,27,#d00908,"rgb(208,9,9)",reds,essie
wrapped in rubies,classic,4.8,15,#701a21,"rgb(112,26,26)",reds,essie
drop the gown,gel couture,5,1,#830524,"rgb(131,5,5)",reds,essie
bubbles only,gel couture,4.1,20,#800014,"rgb(128,0,0)",reds,essie
ace of shades,classic,5,2,#54090e,"rgb(84,9,9)",reds,essie
paint the gown red,gel couture,5,1,#992a31,"rgb(153,42,42)",reds,essie
bordeaux,classic,4.9,50,#421517,"rgb(66,21,21)",reds,essie
berry naughty remixed,classic,4.7,38,#4b0404,"rgb(75,4,4)",reds,essie
spiked with style,gel couture,4.4,34,#4a0300,"rgb(74,3,3)",reds,essie
not so low-key,exprclassic,5,1,#690716,"rgb(105,7,7)",reds,essie
nailed it,classic,5,1,#832840,"rgb(131,40,40)",reds,essie
good knight,gel couture,4.5,118,#320104,"rgb(50,1,1)",reds,essie
love-fate relationship,classic,5,1,#4f161c,"rgb(79,22,22)",reds,essie
gala-vanting,gel couture,4.6,128,#5b001e,"rgb(91,0,0)",reds,essie
wicked,classic,4.9,193,#321d1f,"rgb(50,29,29)",reds,essie
berry naughty remixed,classic,4.8,45,#530101,"rgb(83,1,1)",reds,essie
rue de la ruby,gel couture,4.8,9,#830115,"rgb(131,1,1)",reds,essie
wicked remix,classic,4.9,193,#340c07,"rgb(52,12,12)",reds,essie
glow and arrow,classic,0,0,#fcd6ea,"rgb(252,214,214)",purples,essie
ruffle your petals,classic,0,0,#e8bee3,"rgb(232,190,190)",purples,essie
sugarplum fairytale,classic,5,1,#d4b1dd,"rgb(212,177,177)",purples,essie
bodice goddess,gel couture,5,1,#e59ab1,"rgb(229,154,154)",purples,essie
UV got me faded,classic,0,0,#d2a7c1,"rgb(210,167,167)",purples,essie
suits you swell,classic,5,1,#c172a1,"rgb(193,114,114)",purples,essie
worth the tassel,classic,0,0,#c18cd7,"rgb(193,140,140)",purples,essie
lace un and get down,classic,0,0,#83518e,"rgb(131,81,81)",purples,essie
love is in the air ,classic,0,0,#84214b,"rgb(132,33,33)",purples,essie
swing of things,classic,5,1,#7d0c3d,"rgb(125,12,12)",purples,essie
embossed lady,gel couture,0,0,#281528,"rgb(40,21,21)",purples,essie
tailored by twilight,gel couture,0,0,#380b1f,"rgb(56,11,11)",purples,essie
go ginza,classic,4.5,44,#cdbdd8,"rgb(205,189,189)",purples,essie
lilacism,classic,4.4,60,#c9b2de,"rgb(201,178,178)",purples,essie
nice is nice,classic,5,9,#d0b6d5,"rgb(208,182,182)",purples,essie
saved by the bell,classic,5,1,#f0a5c3,"rgb(240,165,165)",purples,essie
cascade cool,classic,4.9,14,#ea9cca,"rgb(234,156,156)",purples,essie
madison ave-hue,classic,4.9,20,#f765a4,"rgb(247,101,101)",purples,essie
style in excess,gel couture,4.3,40,#c6bccb,"rgb(198,188,188)",purples,essie
world is your oyster,classic,4.8,4,#8f77b0,"rgb(143,119,119)",purples,essie
play date,classic,4.8,116,#c495bd,"rgb(196,149,149)",purples,essie
what's the stitch,gel couture,0,0,#cdb5d0,"rgb(205,181,181)",purples,essie
spring in your step,classic,5,1,#d7aace,"rgb(215,170,170)",purples,essie
it takes a west village,classic,4.5,2,#cd86a5,"rgb(205,134,134)",purples,essie
dress call,gel couture,4.5,13,#c584b2,"rgb(197,132,132)",purples,essie
in my element,gel couture,5,2,#bc86a0,"rgb(188,134,134)",purples,essie
splash of grenadine,classic,4.8,20,#d474ad,"rgb(212,116,116)",purples,essie
shades on,classic,4.5,2,#9b80c2,"rgb(155,128,128)",purples,essie
girly grunge,classic,4.5,11,#9d8fa5,"rgb(157,143,143)",purples,essie
labels only,gel couture,4.6,15,#6d6fa7,"rgb(109,111,111)",purples,essie
you're a gem,classic,0,0,#8a5c5a,"rgb(138,92,92)",purples,essie
just the way you arctic,classic,5,1,#988492,"rgb(152,132,132)",purples,essie
flowerista,classic,5,5,#a23b84,"rgb(162,59,59)",purples,essie
drive-in & dine,classic,0,0,#cebec3,"rgb(206,190,190)",purples,essie
without reservations,classic,0,0,#7d1b47,"rgb(125,27,27)",purples,essie
set the seam,gel couture,0,0,#a9386a,"rgb(169,56,56)",purples,essie
big spender ,classic,5,40,#d3037f,"rgb(211,3,3)",purples,essie
beau-tie,gel couture,3,2,#592d87,"rgb(89,45,45)",purples,essie
hold'em tight,classic,0,0,#6a227d,"rgb(106,34,34)",purples,essie
unwrap me ,classic,4.3,3,#5f0e48,"rgb(95,14,14)",purples,essie
making harmony,classic,4.7,3,#734b60,"rgb(115,75,75)",purples,essie
sweet not sour,classic,5,1,#351029,"rgb(53,16,16)",purples,essie
tangoed in love,classic,2.3,38,#68259d,"rgb(104,37,37)",purples,essie
hazy daze,classic,0,0,#392b4d,"rgb(57,43,43)",purples,essie
jamaiza me crazy,classic,4.7,26,#961658,"rgb(150,22,22)",purples,essie
carry on ,classic,0,0,#47161c,"rgb(71,22,22)",purples,essie
not what it seems ,gel couture,5,3,#743143,"rgb(116,49,49)",purples,essie
"new year, new hue",classic,0,0,#66163d,"rgb(102,22,22)",purples,essie
turn n' pose,gel couture,4.6,7,#582740,"rgb(88,39,39)",purples,essie
knee-high life,classic,0,0,#800f37,"rgb(128,15,15)",purples,essie
sole mate,classic,5,31,#481421,"rgb(72,20,20)",purples,essie
berry in love,gel couture,4,1,#821045,"rgb(130,16,16)",purples,essie
sexy divide,classic,5,53,#2f0b53,"rgb(47,11,11)",purples,essie
in the lobby,classic,3.9,10,#50152d,"rgb(80,21,21)",purples,essie
bahama mama,classic,5,87,#4e1834,"rgb(78,24,24)",purples,essie
kimono-over,classic,4,6,#401f4f,"rgb(64,31,31)",purples,essie
sights on nightlights,classic,0,0,#4c3e60,"rgb(76,62,62)",purples,essie
luxedo,classic,0,0,#351d2d,"rgb(53,29,29)",purples,essie
graced in garnet,gel couture,5,6,#550f2a,"rgb(85,15,15)",purples,essie
model clicks,gel couture,4.6,18,#3e0017,"rgb(62,0,0)",purples,essie
amthyst noir ,gel couture,4.7,23,#372634,"rgb(55,38,38)",purples,essie
love at frost sight,classic,5,1,#c7d6ef,"rgb(199,214,214)",blues,essie
sway in crochet,classic,0,0,#9cd0eb,"rgb(156,208,208)",blues,essie
make a splash,classic,4,2,#c5c7d6,"rgb(197,199,199)",blues,essie
you do blue,classic,5,3,#b0bdea,"rgb(176,189,189)",blues,essie
wishing on a star,classic,0,0,#6f7897,"rgb(111,120,120)",blues,essie
from a to zzz,classic,0,0,#596d8d,"rgb(89,109,109)",blues,essie
whirl n' twirl,classic,0,0,#507cac,"rgb(80,124,124)",blues,essie
wild card,classic,2,1,#0450a6,"rgb(4,80,80)",blues,essie
get on board,classic,0,0,#065c95,"rgb(6,92,92)",blues,essie
ooh la lolly,classic,5,1,#215283,"rgb(33,82,82)",blues,essie
waterfall in love,classic,3.5,2,#3c4a8e,"rgb(60,74,74)",blues,essie
bustling bazaar,classic,0,0,#6dc3ba,"rgb(109,195,195)",blues,essie
brocade crusade,gel couture,0,0,#444559,"rgb(68,69,69)",blues,essie
tied and blue,classic,0,0,#2a3b88,"rgb(42,59,59)",blues,essie
in plane view,classic,5,1,#31666c,"rgb(49,102,102)",blues,essie
infinity cool,classic,0,0,#0d1438,"rgb(13,20,20)",blues,essie
let it ripple,classic,0,0,#b6e7f7,"rgb(182,231,231)",blues,essie
find me an oasis,classic,4.7,44,#eaf2f8,"rgb(234,242,242)",blues,essie
perfect posture,gel couture,3.7,6,#d6dcee,"rgb(214,220,220)",blues,essie
at sea level,classic,3.6,7,#bed0cf,"rgb(190,208,208)",blues,essie
getting intricate,gel couture,5,2,#c2dbd4,"rgb(194,219,219)",blues,essie
dye-mentions,gel couture,0,0,#a5d6d1,"rgb(165,214,214)",blues,essie
bikini so teeny,classic,4.7,22,#91a6e1,"rgb(145,166,166)",blues,essie
tiers of joy,classic,5,3,#b29fc6,"rgb(178,159,159)",blues,essie
salt water happy,classic,4.7,11,#9eb8dd,"rgb(158,184,184)",blues,essie
lapiz of luxury,classic,4.9,24,#809bc4,"rgb(128,155,155)",blues,essie
as if,classic,5,8,#6c7d9f,"rgb(108,125,125)",blues,essie
first view,gel couture,4.5,17,#8fb0bd,"rgb(143,176,176)",blues,essie
in the cab-ana,classic,4.8,95,#6dc0c9,"rgb(109,192,192)",blues,essie
take the lead,classic,3.8,4,#68b5d8,"rgb(104,181,181)",blues,essie
strut your stuff,classic,4.8,21,#2297cc,"rgb(34,151,151)",blues,essie
garden variety,classic,3.8,9,#7faeb3,"rgb(127,174,174)",blues,essie
glow with the flow,classic,0,0,#6283ab,"rgb(98,131,131)",blues,essie
blue-tiful horizon,classic,5,9,#877cac,"rgb(135,124,124)",blues,essie
pret-a-surfer,classic,0,0,#6a7cc3,"rgb(106,124,124)",blues,essie
butler please,classic,3.8,9,#314fe1,"rgb(49,79,79)",blues,essie
mezmerised,classic,4.9,21,#0e42b2,"rgb(14,66,66)",blues,essie
all access pass,classic,2.7,3,#3e3492,"rgb(62,52,52)",blues,essie
find me a mannequin ,gel couture,4.2,17,#292c80,"rgb(41,44,44)",blues,essie
loot the booty,classic,5,4,#112c66,"rgb(17,44,44)",blues,essie
cause & reflect,classic,0,0,#2d4f5e,"rgb(45,79,79)",blues,essie
anchor down,classic,5,1,#545d75,"rgb(84,93,93)",blues,essie
aruba blue,classic,5,59,#072c72,"rgb(7,44,44)",blues,essie
front page worthy,gel couture,5,2,#111b5d,"rgb(17,27,27)",blues,essie
no more film,classic,4.8,39,#2e2850,"rgb(46,40,40)",blues,essie
on your mistletoes,classic,5,2,#252e3f,"rgb(37,46,46)",blues,essie
bell-bottom blues,classic,4.6,10,#11354f,"rgb(17,53,53)",blues,essie
off duty style,gel couture,4.7,7,#03464f,"rgb(3,70,70)",blues,essie
dressed to the nineties,classic,2.5,8,#114d57,"rgb(17,77,77)",blues,essie
surrounded by studs,gel couture,4.5,11,#0f263b,"rgb(15,38,38)",blues,essie
after school boy blazer,classic,4.8,82,#0d1328,"rgb(13,19,19)",blues,essie
style cartel,classic,5,45,#0e2171,"rgb(14,33,33)",blues,essie
caviar bar,gel couture,4.4,21,#0c112b,"rgb(12,17,17)",blues,essie
booties on broadway,classic,5,3,#162a4a,"rgb(22,42,42)",blues,essie
bobbing for baubles,classic,5,3,#343c56,"rgb(52,60,60)",blues,essie
midnight cami,classic,4.8,39,#9b9db1,"rgb(155,157,157)",blues,essie
chillato,classic,4.9,132,#ecf2c0,"rgb(236,242,242)",greens,essie
fashion playground,classic,4.4,39,#d1ebd7,"rgb(209,235,235)",greens,essie
seas the day,classic,3.5,2,#c7f6f0,"rgb(199,246,246)",greens,essie
peppermint condition,classic,5,1,#d4eee3,"rgb(212,238,238)",greens,essie
express to impress,exprclassic,5,2,#c3f6c8,"rgb(195,246,246)",greens,essie
can dew attitude,classic,5,2,#d4dcc7,"rgb(212,220,220)",greens,essie
cacti on the prize,classic,0,0,#c7b78c,"rgb(199,183,183)",greens,essie
earn your tidal,classic,0,0,#b4a48c,"rgb(180,164,164)",greens,essie
precious cargo-go,exprclassic,4.6,247,#9a905c,"rgb(154,144,144)",greens,essie
come on clover,classic,0,0,#839f3b,"rgb(131,159,159)",greens,essie
reign check,classic,5,2,#7c8684,"rgb(124,134,134)",greens,essie
tide of your fice,classic,0,0,#626a74,"rgb(98,106,106)",greens,essie
heart of the jungle,classic,5,3,#6d7949,"rgb(109,121,121)",greens,essie
"but first, candy",classic,0,0,#014f1d,"rgb(1,79,79)",greens,essie
seater weather,classic,5,5,#68793f,"rgb(104,121,121)",greens,essie
under wraps,classic,2.8,4,#0f4648,"rgb(15,70,70)",greens,essie
jewels and jacquard only,gel couture,5,1,#024251,"rgb(2,66,66)",greens,essie
sage you love me ,gel couture,3.2,6,#c1ccc4,"rgb(193,204,204)",greens,essie
zip me up,gel couture,4,13,#d6e1c4,"rgb(214,225,225)",greens,essie
mint candy apple,classic,4.8,267,#b4d1c4,"rgb(180,209,209)",greens,essie
empower-mint,classic,3,4,#93cabc,"rgb(147,202,202)",greens,essie
turquoise & caicos,classic,2.1,17,#82dfd5,"rgb(130,223,223)",greens,essie
udon know me ,classic,5,2,#789ea8,"rgb(120,158,158)",greens,essie
bon boy-age,classic,0,0,#9dc4be,"rgb(157,196,196)",greens,essie
take a walk,gel couture,4.7,15,#bec386,"rgb(190,195,195)",greens,essie
beauty nap,gel couture,4.8,16,#9aaf8b,"rgb(154,175,175)",greens,essie
exposed,classic,4.3,7,#918474,"rgb(145,132,132)",greens,essie
spellbound,gel couture,4.8,4,#8d8e8b,"rgb(141,142,142)",greens,essie
where's my chauffeur,classic,4.9,35,#72c6c7,"rgb(114,198,198)",greens,essie
first timer,classic,0,0,#79e3b8,"rgb(121,227,227)",greens,essie
jade to measure ,gel couture,5,2,#64a98c,"rgb(100,169,169)",greens,essie
mojito medness,classic,4.9,43,#69ba7f,"rgb(105,186,186)",greens,essie
naughty nautical,classic,5,115,#0cbab3,"rgb(12,186,186)",greens,essie
stripes & sails,classic,5,1,#115d5c,"rgb(17,93,93)",greens,essie
trophy wife,classic,5,21,#10535d,"rgb(16,83,83)",greens,essie
go overboard,classic,5,33,#064255,"rgb(6,66,66)",greens,essie
off tropic,classic,4.2,13,#103730,"rgb(16,55,55)",greens,essie
wrap party,gel couture,4.5,20,#092b16,"rgb(9,43,43)",greens,essie
atelier at the bay,gel couture,0,0,#ffefd5,"rgb(255,239,239)",yellows,essie
sunny business,classic,0,0,#fef0c0,"rgb(254,240,240)",yellows,essie
avant-garment,gel couture,0,0,#ffe876,"rgb(255,232,232)",yellows,essie
hay there ,classic,2.3,3,#fed58b,"rgb(254,213,213)",yellows,essie
fall for nyc,classic,3.3,3,#f8ad6b,"rgb(248,173,173)",yellows,essie
check your baggage,classic,5,2,#ffbe63,"rgb(255,190,190)",yellows,essie
you know the espadrille,classic,0,0,#ed9c36,"rgb(237,156,156)",yellows,essie
sweet supply,classic,5,1,#fff101,"rgb(255,241,241)",yellows,essie
press pause,classic,5,1,#d5d5d5,"rgb(213,213,213)",grays,essie
roll with it,classic,0,0,#c4abaf,"rgb(196,171,171)",grays,essie
let's boogie,classic,0,0,#b6b9c0,"rgb(182,185,185)",grays,essie
binge-worthy,exprclassic,0,0,#ccbaac,"rgb(204,186,186)",grays,essie
easily suede,classic,5,1,#8e716c,"rgb(142,113,113)",grays,essie
no time for local,exprclassic,0,0,#937c6d,"rgb(147,124,124)",grays,essie
below zero,classic,0,0,#684d69,"rgb(104,77,77)",grays,essie
"stop, look &glisten",classic,5,1,#806c5b,"rgb(128,108,108)",grays,essie
smoking hot remixed,classic,4.9,73,#6d525e,"rgb(109,82,82)",grays,essie
now or never,exprclassic,5,1,#292929,"rgb(41,41,41)",grays,essie
closing night,gel couture,4.6,330,#99a0a6,"rgb(153,160,160)",grays,essie
cocktail bling,classic,4.9,17,#b8bacc,"rgb(184,186,186)",grays,essie
once upon a time ,gel couture,4.8,112,#bfbec7,"rgb(191,190,190)",grays,essie
without a stitch,classic,4.8,43,#c0b6b9,"rgb(192,182,182)",grays,essie
make the cut,gel couture,4.3,102,#e3ccca,"rgb(227,204,204)",grays,essie
maximilian strasse-her,classic,4.7,10,#9db1a7,"rgb(157,177,177)",grays,essie
the best-est,classic,5,1,#a0a0af,"rgb(160,160,160)",grays,essie
mooning,classic,4,3,#909ca7,"rgb(144,156,156)",grays,essie
master plan,classic,4.9,27,#afaaa9,"rgb(175,170,170)",grays,essie
gadget free,classic,0,0,#8b7973,"rgb(139,121,121)",grays,essie
chinchilly,classic,4.7,19,#a39193,"rgb(163,145,145)",grays,essie
serene slate,classic,4.5,2,#9da09b,"rgb(157,160,160)",grays,essie
social-lights,classic,4.8,4,#9a8f8e,"rgb(154,143,143)",grays,essie
toned down,classic,0,0,#8d8c9c,"rgb(141,140,140)",grays,essie
X toned down,classic,5,1,#80818e,"rgb(128,129,129)",grays,essie
merino cool,classic,4.9,56,#86707a,"rgb(134,112,112)",grays,essie
smokin'hot,classic,4.9,73,#4a4154,"rgb(74,65,65)",grays,essie
cashmere bathrobe ,classic,4.9,31,#3f4348,"rgb(63,67,67)",grays,essie
petal pushers,classic,4.8,25,#71747c,"rgb(113,116,116)",grays,essie
for the twill of it,classic,4.9,66,#504e51,"rgb(80,78,78)",grays,essie
winning streak,classic,3,3,#4e505f,"rgb(78,80,80)",grays,essie
twill seeker,gel couture,4.6,25,#4f4850,"rgb(79,72,72)",grays,essie
tribal text-styles,classic,5,2,#494542,"rgb(73,69,69)",grays,essie
over the edge,classic,4.7,18,#20191d,"rgb(32,25,25)",grays,essie
hang up the heels,gel couture,4,21,#151f1c,"rgb(21,31,31)",grays,essie
on mute,classic,5,1,#46454b,"rgb(70,69,69)",grays,essie
generation zen,classic,5,1,#473c38,"rgb(71,60,60)",grays,essie
licorice,classic,4.6,68,#1a1a1a,"rgb(26,26,26)",grays,essie
take me to thread,gel couture,4.5,198,#76555b,"rgb(118,85,85)",grays,essie
good as gold,classic,4.6,17,#e9d9c8,"rgb(233,217,217)",sheers,essie
no place like chrome,classic,4.5,17,#c3c3c3,"rgb(195,195,195)",sheers,essie
snowfalling for you,classic,0,0,#e4b0b1,"rgb(228,176,176)",pinks,opi
this shade is ornamental,classic,0,0,#d5959f,"rgb(213,149,149)",pinks,opi
merry cranberry,classic,0,0,#a3476b,"rgb(163,71,71)",pinks,opi
baby take a vow,classic,5,3,#d2babb,"rgb(210,186,186)",pinks,opi
shes a prismaniac,classic,1,1,#c46c93,"rgb(196,108,108)",pinks,opi
throw me a kiss,classic,3,1,#cfbcb7,"rgb(207,188,188)",pinks,opi
a-rose at dawn … broke by noon,classic,4,17,#9a7082,"rgb(154,112,112)",pinks,opi
aphrodites pink nightie,classic,4.5,9,#bf7e90,"rgb(191,126,126)",pinks,opi
california raspberry,classic,5,4,#bc1959,"rgb(188,25,25)",pinks,opi
charged up cherry,classic,5,2,#da5877,"rgb(218,88,88)",pinks,opi
chicago champagne toast,classic,4.3,15,#975d64,"rgb(151,93,93)",pinks,opi
cozu-melted in the sun,classic,3,5,#de9499,"rgb(222,148,148)",pinks,opi
dutch tulipa,classic,4.7,6,#db1b4f,"rgb(219,27,27)",pinks,opi
elephantastic pink,classic,4.2,3,#d2636d,"rgb(210,99,99)",pinks,opi
hawaiian orchid,classic,4.6,19,#d08388,"rgb(208,131,131)",pinks,opi
hotter than you pink,classic,4.8,4,#e27291,"rgb(226,114,114)",pinks,opi
I think in pink,classic,2.5,5,#eec9cf,"rgb(238,201,201)",pinks,opi
it’s a girl,classic,4.5,4,#eacace,"rgb(234,202,202)",pinks,opi
kiala beary,classic,5,7,#860730,"rgb(134,7,7)",pinks,opi
le pazitively hot,classic,4.7,3,#b72069,"rgb(183,32,32)",pinks,opi
not so bore boreing pink,classic,4,6,#ae8390,"rgb(174,131,131)",pinks,opi
passion,classic,3.8,14,#d4a4a2,"rgb(212,164,164)",pinks,opi
pink flamenco,classic,5,8,#c47b92,"rgb(196,123,123)",pinks,opi
pinking of you,classic,4.6,6,#e2b6c3,"rgb(226,182,182)",pinks,opi
pompei purple,classic,5,10,#9d0c3a,"rgb(157,12,12)",pinks,opi
princess rule,classic,5,19,#e29aa2,"rgb(226,154,154)",pinks,opi
rosy future,classic,5,16,#d5a4a0,"rgb(213,164,164)",pinks,opi
shorts story,classic,5,5,#af959f,"rgb(175,149,149)",pinks,opi
strawberry margarita,classic,4.7,41,#db294d,"rgb(219,41,41)",pinks,opi
suzi shops & island hops,classic,5,9,#eab8c5,"rgb(234,184,184)",pinks,opi
sweet heart,classic,4,3,#ebd7d4,"rgb(235,215,215)",pinks,opi
that’s berry daring,classic,4.9,5,#e6307c,"rgb(230,48,48)",pinks,opi
tickle my francey,classic,5,27,#bda0a4,"rgb(189,160,160)",pinks,opi
tutti frutti tonga,classic,4.9,18,#c6a3a1,"rgb(198,163,163)",pinks,opi
getting nadi on my honeymoon,classic,3.5,5,#c2b1b6,"rgb(194,177,177)",pinks,opi
two timing the zones,classic,5,29,#e28fb1,"rgb(226,143,143)",pinks,opi
aurora berry alis,classic,3,12,#b15377,"rgb(177,83,83)",pinks,opi
ill have a gin & tectonic,classic,0,0,#d1948f,"rgb(209,148,148)",pinks,opi
lisbon wanta moor opi,classic,5,13,#e1d5d4,"rgb(225,213,213)",pinks,opi
made it to the seventh hill,classic,5,12,#bf9a90,"rgb(191,154,154)",pinks,opi
no turning back from pink street,infinite shine,0,0,#a1446b,"rgb(161,68,68)",pinks,opi
tagus in that selfie,infinite shine,5,1,#d0a6a6,"rgb(208,166,166)",pinks,opi
you've got nata on me,infinite shine,4.1,3,#ad7974,"rgb(173,121,121)",pinks,opi
telenovela me about it,infinite shine,4.5,2,#d25e92,"rgb(210,94,94)",pinks,opi
shellmates forever,infinite shine,0,0,#c1a5b6,"rgb(193,165,165)",pinks,opi
let me bayou a drink,infinite shine,5,7,#c5bdbd,"rgb(197,189,189)",pinks,opi
suzi nails new orleans,infinite shine,5,1,#ea99a8,"rgb(234,153,153)",pinks,opi
lima tell you about this color ,infinite shine,5,1,#c29ea8,"rgb(194,158,158)",pinks,opi
machu peachu,infinite shine,0,0,#c7a7a3,"rgb(199,167,167)",pinks,opi
somewhere over the rainbow mountains,infinite shine,4.5,10,#876766,"rgb(135,103,103)",pinks,opi
suzi will quechua later,infinite shine,0,0,#976685,"rgb(151,102,102)",pinks,opi
all your dreams in vending machines,infinite shine,5,1,#6f0848,"rgb(111,8,8)",pinks,opi
another ramen tic evening,infinite shine,5,1,#a67a8e,"rgb(166,122,122)",pinks,opi
arigato from tokyo,infinite shine,4,2,#c486a2,"rgb(196,134,134)",pinks,opi
hurry juku get this color,infinite shine,0,0,#b64073,"rgb(182,64,64)",pinks,opi
rice rice baby,infinite shine,4,1,#b3878f,"rgb(179,135,135)",pinks,opi
bling it on,infinite shine,0,0,#727f99,"rgb(114,127,127)",blues,opi
to all a good night,infinite shine,5,3,#3f515a,"rgb(63,81,81)",blues,opi
this color hits all the high notes,infinite shine,3,2,#cbd5de,"rgb(203,213,213)",blues,opi
duomo days isola nights,infinite shine,4.8,3,#4f7890,"rgb(79,120,120)",blues,opi
drama at la scala,infinite shine,3.5,2,#274959,"rgb(39,73,73)",blues,opi
it’s a boy,infinite shine,5,2,#d1dce0,"rgb(209,220,220)",blues,opi
suzi without a paddle,infinite shine,5,4,#b6c5c8,"rgb(182,197,197)",blues,opi
gelato on my mind,infinite shine,4.7,10,#b4d4d4,"rgb(180,212,212)",blues,opi
cant find my czechbook,infinite shine,0,0,#66a5b8,"rgb(102,165,165)",blues,opi
eternally turquoise,infinite shine,5,3,#c0d0d5,"rgb(192,208,208)",blues,opi
two baroque pearls,infinite shine,5,1,#acc7d2,"rgb(172,199,199)",blues,opi
to infinity & blue yond,infinite shine,5,5,#83bbcb,"rgb(131,187,187)",blues,opi
to be continued,infinite shine,5,3,#bdc5db,"rgb(189,197,197)",blues,opi
reach for the sky,infinite shine,1,8,#a9b0c1,"rgb(169,176,176)",blues,opi
kanpai opi,infinite shine,3.5,5,#a09faf,"rgb(160,159,159)",blues,opi
check out the old geysirs,infinite shine,5,1,#838aa2,"rgb(131,138,138)",blues,opi
ring bare er,classic,3,5,#778084,"rgb(119,128,128)",blues,opi
suzi san climbs fuji san,classic,4.5,13,#518d89,"rgb(81,141,141)",blues,opi
mi casa es blue casa,classic,4.9,5,#1f4f87,"rgb(31,79,79)",blues,opi
opi grabs the unicorn by the horn,classic,0,0,#6091ac,"rgb(96,145,145)",blues,opi
do you sea what I see,classic,4.5,7,#122e65,"rgb(18,46,46)",blues,opi
super trop I cal I fiji istic,classic,5,1,#294d7e,"rgb(41,77,77)",blues,opi
tile art to warm your heart,classic,4.7,13,#1a4e93,"rgb(26,78,78)",blues,opi
teal the cows come home ,classic,4.5,11,#2a99b7,"rgb(42,153,153)",blues,opi
nice set of pipes,classic,0,0,#44415c,"rgb(68,65,65)",blues,opi
less is norse,classic,5,2,#44424d,"rgb(68,66,66)",blues,opi
nessie plays hide & seak,classic,5,4,#1f2a3e,"rgb(31,42,42)",blues,opi
chopstix and stones,classic,4.5,18,#1d1d22,"rgb(29,29,29)",blues,opi
indignantly indigo,classic,4.5,2,#1d1d2e,"rgb(29,29,29)",blues,opi
get ryd of thym blues,classic,5,6,#1c1d27,"rgb(28,29,29)",blues,opi
russian navy,classic,4.5,5,#1c1c1f,"rgb(28,28,28)",blues,opi
cia color is awesome,classic,5,5,#283640,"rgb(40,54,54)",blues,opi
mexico city move mint,infinite shine,5,1,#bdd9dd,"rgb(189,217,217)",greens,opi
that’s hula rious,infinite shine,5,1,#cfd0cd,"rgb(207,208,208)",greens,opi
how does your sen garden grow,infinite shine,0,0,#c1cb9c,"rgb(193,203,203)",greens,opi
olive for pearls,infinite shine,5,1,#b7bca1,"rgb(183,188,188)",greens,opi
this isnt greenland,infinite shine,5,1,#d1ccbc,"rgb(209,204,204)",greens,opi
im on a sushi roll,infinite shine,5,7,#3e4427,"rgb(62,68,68)",greens,opi
closer than you might belem,infinite shine,4.5,13,#80a6a3,"rgb(128,166,166)",greens,opi
withstands the test of thyme,infinite shine,5,5,#8faeaa,"rgb(143,174,174)",greens,opi
verde nice to meet you,infinite shine,0,0,#a4c8bc,"rgb(164,200,200)",greens,opi
alpaca my bags,infinite shine,5,1,#aeb2b1,"rgb(174,178,178)",greens,opi
this cost me a mint,classic,4.5,11,#1d5b5f,"rgb(29,91,91)",greens,opi
my dogsled is a hybrid,classic,5,3,#d3dad5,"rgb(211,218,218)",greens,opi
im sooo swamped,classic,5,1,#50702e,"rgb(80,112,112)",greens,opi
two pearls in a pod,classic,5,10,#6f7f83,"rgb(111,127,127)",greens,opi
I just cant cope acabana,classic,5,2,#d4bc3c,"rgb(212,188,188)",yellows,opi
exotic birds do not tweet,classic,4.8,49,#efc01f,"rgb(239,192,192)",yellows,opi
sun sea and sand in my pants,classic,3,2,#efc22f,"rgb(239,194,194)",yellows,opi
one chic chick,classic,4.8,12,#e1d5b7,"rgb(225,213,213)",yellows,opi
never a dulles moment,classic,5,1,#eed174,"rgb(238,209,209)",yellows,opi
don’t tell a sol,classic,4.3,9,#eed974,"rgb(238,217,217)",yellows,opi
susi s slinging mezcal,classic,4.2,9,#dac27d,"rgb(218,194,194)",yellows,opi
ray diance,classic,0,0,#e2e284,"rgb(226,226,226)",yellows,opi
coral ing your spirit animal,classic,0,0,#d9b5aa,"rgb(217,181,181)",oranges,opi
suzi needs a loch smith,classic,5,2,#d3998a,"rgb(211,153,153)",oranges,opi
orange you a rock star,classic,2,3,#ef9893,"rgb(239,152,152)",oranges,opi
mural mural on the wall,classic,4.3,10,#d9736f,"rgb(217,115,115)",oranges,opi
pants on fire,classic,3,3,#e8671b,"rgb(232,103,103)",oranges,opi
have you panettone and eat it too,classic,4.5,6,#c39b88,"rgb(195,155,155)",oranges,opi
my italian is a little rusty,classic,5,5,#b99b8d,"rgb(185,155,155)",oranges,opi
magic hour,classic,0,0,#e2cd9d,"rgb(226,205,205)",oranges,opi
my chihuahua doesn’t bite anymore,classic,4.8,25,#c34730,"rgb(195,71,71)",oranges,opi
tempurature is rising,classic,0,0,#e48b89,"rgb(228,139,139)",oranges,opi
touscan do it if you try,classic,4.1,5,#ea7768,"rgb(234,119,119)",oranges,opi
hot & spicy,classic,0,0,#f26462,"rgb(242,100,100)",oranges,opi
opi on collins ave,classic,5,1,#e34456,"rgb(227,68,68)",oranges,opi
a good man darin is hard to find,classic,4.3,9,#e54d47,"rgb(229,77,77)",oranges,opi
live love carnaval,classic,4.9,6,#e3595a,"rgb(227,89,89)",oranges,opi
I eat mainely lobster,infinite shine,4.4,12,#dd6066,"rgb(221,96,96)",oranges,opi
no tan lines,infinite shine,5,1,#c57a39,"rgb(197,122,122)",oranges,opi
freedom of peach,infinite shine,5,1,#daab9e,"rgb(218,171,171)",oranges,opi
yank my doodle,infinite shine,4.5,4,#b5685f,"rgb(181,104,104)",oranges,opi
it s a piazza cake,infinite shine,4.7,14,#b4796c,"rgb(180,121,121)",oranges,opi
a great opera tunity,infinite shine,4.5,8,#dba294,"rgb(219,162,162)",oranges,opi
aloha from opi,infinite shine,5,7,#e7444b,"rgb(231,68,68)",oranges,opi
chocolate moose,classic,4.8,13,#a17a70,"rgb(161,122,122)",browns,opi
barefoot in barcelona,classic,5,12,#c09a98,"rgb(192,154,154)",browns,opi
you dont know jacques,classic,5,4,#776a6a,"rgb(119,106,106)",browns,opi
icelanded a bottle of opi,classic,0,0,#9e9293,"rgb(158,146,146)",browns,opi
that’s what friends are thor,classic,5,1,#503e3d,"rgb(80,62,62)",browns,opi
krons logical order,classic,0,0,#332a2d,"rgb(51,42,42)",browns,opi
how great is your dane ,classic,5,5,#3f3639,"rgb(63,54,54)",browns,opi
nomads dream,classic,5,6,#ba8e7b,"rgb(186,142,142)",browns,opi
squeaker of the house,classic,4,2,#a18f8d,"rgb(161,143,143)",browns,opi
shh its top secret,classic,0,0,#4d4c4d,"rgb(77,76,76)",browns,opi
gingerbread man can,classic,4.5,3,#81716f,"rgb(129,113,113)",browns,opi
lets take an elfie,infinite shine,5,1,#4f2954,"rgb(79,41,41)",purples,opi
addio bad nalia ciao great nalia,infinite shine,5,26,#857987,"rgb(133,121,121)",purples,opi
galleria vittorio violet,infinite shine,5,6,#bcb7cd,"rgb(188,183,183)",purples,opi
leonardos model color,infinite shine,5,7,#7b5a87,"rgb(123,90,90)",purples,opi
engage meant to be,infinite shine,2,6,#827c80,"rgb(130,124,124)",purples,opi
rainbows a go go,infinite shine,3,4,#9e5488,"rgb(158,84,84)",purples,opi
do you lilac it,infinite shine,4.8,69,#bea5ce,"rgb(190,165,165)",purples,opi
flashbulb fuchsia,infinite shine,4.7,17,#901646,"rgb(144,22,22)",purples,opi
in the cable car pool lane,infinite shine,4,6,#85737a,"rgb(133,115,115)",purples,opi
lincon park after dark,infinite shine,4.9,20,#161416,"rgb(22,20,20)",purples,opi
lucky lucky lavander,infinite shine,5,11,#a76a8c,"rgb(167,106,106)",purples,opi
meet me on the star ferry,infinite shine,5,6,#482429,"rgb(72,36,36)",purples,opi
miami beet,infinite shine,5,5,#650713,"rgb(101,7,7)",purples,opi
purple with a purpose,infinite shine,4.5,16,#2f1049,"rgb(47,16,16)",purples,opi
you re such a budapest,infinite shine,4.3,12,#8f8cb3,"rgb(143,140,140)",purples,opi
polly wanr a lacquer ,classic,5,79,#ccbacf,"rgb(204,186,186)",purples,opi
just lanai ing around,classic,5,17,#bd778b,"rgb(189,119,119)",purples,opi
one heckle of a color,classic,5,1,#926187,"rgb(146,97,97)",purples,opi
reykjavik has all the hot spots,classic,4,2,#824c5d,"rgb(130,76,76)",purples,opi
suzi and the arctic fox,classic,4,3,#16121f,"rgb(22,18,18)",purples,opi
turn on the northern lights,classic,0,0,#09041e,"rgb(9,4,4)",purples,opi
mariachi makes my day,classic,4,9,#332352,"rgb(51,35,35)",purples,opi
hue is the artist,classic,3,6,#dbd2dd,"rgb(219,210,210)",purples,opi
just a hint of pearl pie,classic,5,1,#9592a9,"rgb(149,146,146)",purples,opi
I manicure for beads,classic,5,29,#a96c9b,"rgb(169,108,108)",purples,opi
show us your tips,classic,5,10,#6a739e,"rgb(106,115,115)",purples,opi
spare me a french quarter,classic,5,6,#6d0732,"rgb(109,7,7)",purples,opi
vampsterdam,classic,5,3,#151115,"rgb(21,17,17)",purples,opi
do you have this color in stock holm ,classic,5,7,#20134a,"rgb(32,19,19)",purples,opi
o suzi mio,classic,4,4,#271925,"rgb(39,25,25)",purples,opi
purple palazzo pants,classic,5,6,#b99aac,"rgb(185,154,154)",purples,opi
don’t toot my flute,classic,5,1,#beacc8,"rgb(190,172,172)",purples,opi
grandma kissed a gaucho,classic,4,3,#715374,"rgb(113,83,83)",purples,opi
seven wonders of opi,classic,5,2,#a67c94,"rgb(166,124,124)",purples,opi
yes my condor can do,classic,4,1,#201214,"rgb(32,18,18)",purples,opi
boys be thistle ing at me,classic,0,0,#2b1726,"rgb(43,23,23)",purples,opi
good girls gone plaid,classic,0,0,#1c0b17,"rgb(28,11,11)",purples,opi
I am what I amethyst,classic,4.1,6,#afb2bc,"rgb(175,178,178)",purples,opi
samurai breaks a nail,classic,5,3,#8b6396,"rgb(139,99,99)",purples,opi
black onux,infinite shine,5,1,#0c0c0c,"rgb(12,12,12)",blacks,opi
boyfriend jeans,infinite shine,0,0,#0c131f,"rgb(12,19,19)",blacks,opi
susy & the artic fox,infinite shine,3.5,4,#1a1624,"rgb(26,22,22)",blacks,opi
my private jet,infinite shine,4.1,5,#43393c,"rgb(67,57,57)",blacks,opi
strong coal ition,infinite shine,4.5,6,#1c1b20,"rgb(28,27,27)",blacks,opi
the latest and slatest,infinite shine,0,0,#3a373e,"rgb(58,55,55)",blacks,opi
steel waters run deep,infinite shine,5,3,#7e7b7e,"rgb(126,123,123)",blacks,opi
rub a pub pub,infinite shine,4,1,#3c424b,"rgb(60,66,66)",blacks,opi
heart and coal,infinite shine,0,0,#404043,"rgb(64,64,64)",blacks,opi
I cannoli wear opi,classic,5,7,#e0e1e2,"rgb(224,225,225)",whites,opi
kyoto pearl,classic,4.5,18,#eae6e2,"rgb(234,230,230)",whites,opi
alpine snow,classic,4.5,83,#e7e6e4,"rgb(231,230,230)",whites,opi
funny bunny,classic,4,22,#d9d6d2,"rgb(217,214,214)",whites,opi
its in the cloud,classic,5,6,#edece9,"rgb(237,236,236)",whites,opi
alter ego,classic,5,6,#c1aead,"rgb(193,174,174)",whites,opi
suzi chases portu geese,classic,0,0,#ddd9d9,"rgb(221,217,217)",whites,opi
happy anniversary,classic,5,4,#b0aaa5,"rgb(176,170,170)",whites,opi
shellebrate good times,classic,5,1,#bcadac,"rgb(188,173,173)",whites,opi
naughty or ice,classic,5,1,#cac1bf,"rgb(202,193,193)",whites,opi
all a twitter in glitter,classic,0,0,#f6f1ef,"rgb(246,241,241)",whites,opi
chiffon d of you,infinite shine,0,0,#af9793,"rgb(175,151,151)",grays,opi
worth and pretty penne,infinite shine,0,0,#d0b2ad,"rgb(208,178,178)",grays,opi
I can never hut up,infinite shine,5,2,#a4a8a9,"rgb(164,168,168)",grays,opi
silver on ice,infinite shine,0,0,#a1a0a2,"rgb(161,160,160)",grays,opi
steel waters run deep,infinite shine,4,2,#585558,"rgb(88,85,85)",grays,opi
made you look,infinite shine,5,8,#c5bbbc,"rgb(197,187,187)",grays,opi
suzi talks with her hands,infinite shine,0,0,#68716d,"rgb(104,113,113)",grays,opi
opi nails the runway,infinite shine,4,2,#6c6f7a,"rgb(108,111,111)",grays,opi
tinsel tinsel lil star,infinite shine,0,0,#989aa4,"rgb(152,154,154)",grays,opi
this gold sleighs me,infinite shine,4.5,1,#d5b37b,"rgb(213,179,179)",grays,opi
glitzerland,infinite shine,0,0,#786644,"rgb(120,102,102)",grays,opi
up front & personal,infinite shine,2,1,#c3a47b,"rgb(195,164,164)",grays,opi
on my grey,classic,4.3,67,#d2c4cb,"rgb(210,196,196)",purples,sally hansen
fig flash,classic,4.3,67,#be65a3,"rgb(190,101,101)",purples,sally hansen
zip wine,classic,4.3,67,#6b2945,"rgb(107,41,41)",purples,sally hansen
coral commotion,classic,4.3,67,#e59f89,"rgb(229,159,159)",corals,sally hansen
shooting star,classic,4.3,67,#cf7a66,"rgb(207,122,122)",corals,sally hansen
hot shot,classic,4.3,67,#e1bab3,"rgb(225,186,186)",nudes,sally hansen
gold rush,classic,4.3,67,#daba3f,"rgb(218,186,186)",yellows,sally hansen
rose flush,classic,4.3,67,#f4afc1,"rgb(244,175,175)",pinks,sally hansen
molten mauve,classic,4.3,67,#ce6db4,"rgb(206,109,109)",purples,sally hansen
burnished wine,classic,4.3,67,#864e97,"rgb(134,78,78)",purples,sally hansen
violet velvet,classic,4.3,67,#3128e3,"rgb(49,40,40)",blues,sally hansen
blue steel,classic,4.3,67,#1740bd,"rgb(23,64,64)",blues,sally hansen
smoldering teal,classic,4.3,67,#53fbc0,"rgb(83,251,251)",greens,sally hansen
smokey silver,classic,4.3,67,#cad9dc,"rgb(202,217,217)",blues,sally hansen
black to black,classic,4.3,67,#231e1b,"rgb(35,30,30)",blacks,sally hansen
silver stallion,classic,4.3,67,#a09ea1,"rgb(160,158,158)",grays,sally hansen
grease lightning,classic,4.3,67,#494b5d,"rgb(73,75,75)",grays,sally hansen
show steel er,classic,4.3,67,#afb6c0,"rgb(175,182,182)",grays,sally hansen
thyme is money,classic,4.3,67,#abaea7,"rgb(171,174,174)",grays,sally hansen
midnight drive,classic,4.3,67,#323449,"rgb(50,52,52)",grays,sally hansen
grape shifter,classic,4.3,67,#9084ac,"rgb(144,132,132)",purples,sally hansen
heather hustle,classic,4.3,67,#c9bcd0,"rgb(201,188,188)",purples,sally hansen
va va violet,classic,4.3,67,#70376e,"rgb(112,55,55)",purples,sally hansen
cherry fast,classic,4.3,67,#ac3681,"rgb(172,54,54)",purples,sally hansen
just in wine,classic,4.3,67,#6c203a,"rgb(108,32,32)",reds,sally hansen
expresso,classic,4.3,67,#8f3e47,"rgb(143,62,62)",reds,sally hansen
go garnet,classic,4.3,67,#311315,"rgb(49,19,19)",reds,sally hansen
cinna snap,classic,4.3,67,#6e1c26,"rgb(110,28,28)",reds,sally hansen
asap apple,classic,4.3,67,#a91e23,"rgb(169,30,30)",reds,sally hansen
rapid red,classic,4.3,67,#c41346,"rgb(196,19,19)",pinks,sally hansen
lets jam,classic,4.3,67,#970631,"rgb(151,6,6)",pinks,sally hansen
shaking sherbert,classic,4.3,67,#d97365,"rgb(217,115,115)",corals,sally hansen
peach buzz,classic,4.3,67,#e69673,"rgb(230,150,150)",corals,sally hansen
peachy breeze,classic,4.3,67,#ef3753,"rgb(239,55,55)",pinks,sally hansen
watermelon wiz,classic,4.3,67,#d14077,"rgb(209,64,64)",pinks,sally hansen
flashy fuchsia,classic,4.3,67,#cb3578,"rgb(203,53,53)",pinks,sally hansen
pumped up pink,classic,4.3,67,#e163a0,"rgb(225,99,99)",pinks,sally hansen
peppy le fuchsia,classic,4.3,67,#ce2f6b,"rgb(206,47,47)",pinks,sally hansen
pink blink,classic,4.3,67,#f7acbf,"rgb(247,172,172)",pinks,sally hansen
racing rose,classic,4.3,67,#deacb7,"rgb(222,172,172)",pinks,sally hansen
petal to the metal,classic,4.3,67,#bd95a0,"rgb(189,149,149)",purples,sally hansen
make it snappy,classic,4.3,67,#ebd2d5,"rgb(235,210,210)",purples,sally hansen
petal pusher,classic,4.3,67,#eab1b7,"rgb(234,177,177)",pinks,sally hansen
sugar poppy,classic,4.3,67,#f6909e,"rgb(246,144,144)",pinks,sally hansen
mauve it,classic,4.3,67,#ce848a,"rgb(206,132,132)",pinks,sally hansen
buff and tumble,classic,4.3,67,#c59f8a,"rgb(197,159,159)",browns,sally hansen
slick slate,classic,4.3,67,#5d4b4a,"rgb(93,75,75)",browns,sally hansen
making mauves,classic,4.3,67,#a5888e,"rgb(165,136,136)",grays,sally hansen
sand storm,classic,4.3,67,#c9ada0,"rgb(201,173,173)",browns,sally hansen
taupe to go,classic,4.3,67,#997c6a,"rgb(153,124,124)",browns,sally hansen
go for gold,classic,4.3,67,#c59c69,"rgb(197,156,156)",browns,sally hansen
in nude tral,classic,4.3,67,#dfad8f,"rgb(223,173,173)",corals,sally hansen
in a flash,classic,4.3,67,#f7efd7,"rgb(247,239,239)",whites,sally hansen
champagne supernova,classic,4.3,67,#e5d4c4,"rgb(229,212,212)",whites,sally hansen
white on time,classic,4.3,67,#ffffff,"rgb(255,255,255)",whites,sally hansen
gold play,classic,4.3,67,#c2a65e,"rgb(194,166,166)",browns,sally hansen
jet setter,classic,4.3,67,#00749b,"rgb(0,116,116)",blues,sally hansen
beet ing heart,classic,4.3,67,#e85394,"rgb(232,83,83)",pinks,sally hansen
hail cherry,classic,4.3,67,#e2423d,"rgb(226,66,66)",reds,sally hansen
against the grey in,classic,4.3,67,#c8bcc0,"rgb(200,188,188)",grays,sally hansen
taupe priority,classic,4.3,67,#cb9989,"rgb(203,153,153)",corals,sally hansen
rip urple,classic,4.3,67,#925a8f,"rgb(146,90,90)",purples,sally hansen
the un red,classic,4.3,67,#ca1c2c,"rgb(202,28,28)",reds,sally hansen
pump kid,classic,4.3,67,#f17f2f,"rgb(241,127,127)",oranges,sally hansen
hallogreen,classic,4.3,67,#298759,"rgb(41,135,135)",greens,sally hansen
ghouls night out,classic,4.3,67,#191616,"rgb(25,22,22)",blacks,sally hansen
first sour then sweet,classic,4.3,67,#d0cfcf,"rgb(208,207,207)",grays,sally hansen
boo lue,classic,4.3,67,#00749a,"rgb(0,116,116)",blues,sally hansen
lava rocks,infinite shine,4.4,10,#b0b0b3,"rgb(176,176,176)",grays,sally hansen
meteorite,infinite shine,4.4,10,#929898,"rgb(146,152,152)",grays,sally hansen
sun tastic,infinite shine,4.4,10,#e3d1a9,"rgb(227,209,209)",nudes,sally hansen
crystal blue,infinite shine,4.4,10,#9aaecf,"rgb(154,174,174)",blues,sally hansen
laven dear,infinite shine,4.4,10,#a485a7,"rgb(164,133,133)",purples,sally hansen
soothing slate,infinite shine,4.4,10,#776466,"rgb(119,100,100)",grays,sally hansen
grape vine,infinite shine,4.4,10,#5f3d4b,"rgb(95,61,61)",purples,sally hansen
beet it,infinite shine,4.4,10,#5a1a32,"rgb(90,26,26)",purples,sally hansen
cherry amore,infinite shine,4.4,10,#852330,"rgb(133,35,35)",purples,sally hansen
pomegranate punch,infinite shine,4.4,10,#9c1f25,"rgb(156,31,31)",reds,sally hansen
sweet berries,infinite shine,4.4,10,#bd3053,"rgb(189,48,48)",pinks,sally hansen
peony origins,infinite shine,4.4,10,#ce5389,"rgb(206,83,83)",pinks,sally hansen
fruity papaya,infinite shine,4.4,10,#ec465c,"rgb(236,70,70)",pinks,sally hansen
coral calm,infinite shine,4.4,10,#ea6b76,"rgb(234,107,107)",corals,sally hansen
eco rose,infinite shine,4.4,10,#a03e4d,"rgb(160,62,62)",pinks,sally hansen
pink sapphire,infinite shine,4.4,10,#ba657a,"rgb(186,101,101)",pinks,sally hansen
golden quartz,infinite shine,4.4,10,#c89792,"rgb(200,151,151)",nudes,sally hansen
pink cardamom,infinite shine,4.4,10,#c48a7f,"rgb(196,138,138)",nudes,sally hansen
be gone ia,infinite shine,4.4,10,#e5b2ae,"rgb(229,178,178)",nudes,sally hansen
pinky clay,infinite shine,4.4,10,#d89fa8,"rgb(216,159,159)",nudes,sally hansen
pink cloud,infinite shine,4.4,10,#f7d0d5,"rgb(247,208,208)",pinks,sally hansen
rose petal,infinite shine,4.4,10,#eddce2,"rgb(237,220,220)",pinks,sally hansen
soft plum,infinite shine,4.4,10,#bd9b9a,"rgb(189,155,155)",purples,sally hansen
elderflower power,infinite shine,4.4,10,#dcc9c5,"rgb(220,201,201)",nudes,sally hansen
raw cocoa,infinite shine,4.4,10,#8f7367,"rgb(143,115,115)",grays,sally hansen
mother earth,infinite shine,4.4,10,#ac9992,"rgb(172,153,153)",grays,sally hansen
almond tan,infinite shine,4.4,10,#d3b29f,"rgb(211,178,178)",nudes,sally hansen
romantic peach,infinite shine,4.4,10,#ecccbf,"rgb(236,204,204)",nudes,sally hansen
coconut milk,infinite shine,4.4,10,#ebdad3,"rgb(235,218,218)",nudes,sally hansen
white tea,infinite shine,4.4,10,#e7e2de,"rgb(231,226,226)",nudes,sally hansen
berry bliss,color therapy,4.5,30,#8a102d,"rgb(138,16,16)",reds,sally hansen
oceans away,color therapy,4.5,30,#313446,"rgb(49,52,52)",blues,sally hansen
chai hopes,color therapy,4.5,30,#866355,"rgb(134,99,99)",browns,sally hansen
savasan ahh,color therapy,4.5,30,#fae0e0,"rgb(250,224,224)",nudes,sally hansen
pomegratitude,color therapy,4.5,30,#dd45a2,"rgb(221,69,69)",pinks,sally hansen
slate escape,color therapy,4.5,30,#5e494b,"rgb(94,73,73)",browns,sally hansen
burnished bronze,color therapy,4.5,30,#e3aa92,"rgb(227,170,170)",pinks,sally hansen
sunrise salitation,color therapy,4.5,30,#b07e71,"rgb(176,126,126)",browns,sally hansen
in my element,color therapy,4.5,30,#9c9591,"rgb(156,149,149)",grays,sally hansen
plum euphoria,color therapy,4.5,30,#6a365f,"rgb(106,54,54)",purples,sally hansen
nomas grey,color therapy,4.5,30,#c3c3bd,"rgb(195,195,195)",grays,sally hansen
wine therapy,color therapy,4.5,30,#462525,"rgb(70,37,37)",reds,sally hansen
couples massage,color therapy,4.5,30,#fcbaaa,"rgb(252,186,186)",pinks,sally hansen
reflection pool,color therapy,4.5,30,#0a9395,"rgb(10,147,147)",blues,sally hansen
exotic acai,color therapy,4.5,30,#361c29,"rgb(54,28,28)",purples,sally hansen
slicks and stones,color therapy,4.5,30,#1e1536,"rgb(30,21,21)",blues,sally hansen
ohm my magenta,color therapy,4.5,30,#83213a,"rgb(131,33,33)",reds,sally hansen
unwined,color therapy,4.5,30,#882927,"rgb(136,41,41)",reds,sally hansen
red iance,color therapy,4.5,30,#c5161b,"rgb(197,22,22)",reds,sally hansen
aura nt you relaxed,color therapy,4.5,30,#dc3745,"rgb(220,55,55)",reds,sally hansen
soak at sunset,color therapy,4.5,30,#d75d49,"rgb(215,93,93)",oranges,sally hansen
pampered in pink,color therapy,4.5,30,#c51b48,"rgb(197,27,27)",pinks,sally hansen
mauve mantra,color therapy,4.5,30,#df6b88,"rgb(223,107,107)",pinks,sally hansen
berry smooth,color therapy,4.5,30,#db2c6f,"rgb(219,44,44)",pinks,sally hansen
rosy glow,color therapy,4.5,30,#da2b79,"rgb(218,43,43)",pinks,sally hansen
primsore and proper,color therapy,4.5,30,#f17287,"rgb(241,114,114)",pinks,sally hansen
sheer nirvana,color therapy,4.5,30,#fbecef,"rgb(251,236,236)",nudes,sally hansen
rosy quartz,color therapy,4.5,30,#faeaf5,"rgb(250,234,234)",nudes,sally hansen
re nude,color therapy,4.5,30,#f3c4aa,"rgb(243,196,196)",corals,sally hansen
powder room,color therapy,4.5,30,#d4a69e,"rgb(212,166,166)",pinks,sally hansen
blushed peta;,color therapy,4.5,30,#cf8b82,"rgb(207,139,139)",nudes,sally hansen
chai on life,color therapy,4.5,30,#cb9f84,"rgb(203,159,159)",nudes,sally hansen
glow with the flow,color therapy,4.5,30,#be8e78,"rgb(190,142,142)",browns,sally hansen
mud mask,color therapy,4.5,30,#7c5b4a,"rgb(124,91,91)",browns,sally hansen
steely serene,color therapy,4.5,30,#8c696d,"rgb(140,105,105)",purples,sally hansen
haute stone,color therapy,4.5,30,#291d1b,"rgb(41,29,29)",grays,sally hansen
therapewter,color therapy,4.5,30,#80765b,"rgb(128,118,118)",grays,sally hansen
well well well,color therapy,4.5,30,#fdf9f6,"rgb(253,249,249)",nudes,sally hansen
opalminded,color therapy,4.5,30,#f5efea,"rgb(245,239,239)",nudes,sally hansen
tulle much,color therapy,4.5,30,#f9c3d0,"rgb(249,195,195)",pinks,sally hansen
my sheer,color therapy,4.5,30,#fce3e1,"rgb(252,227,227)",nudes,sally hansen
unveiled,color therapy,4.5,30,#e7afa0,"rgb(231,175,175)",corals,sally hansen
bare kiss,color therapy,4.5,30,#e9cecd,"rgb(233,206,206)",pinks,sally hansen
brown bare,color therapy,4.5,30,#c8a79e,"rgb(200,167,167)",browns,sally hansen
give me a tint,color therapy,4.5,30,#d9ced9,"rgb(217,206,206)",purples,sally hansen
get paid,strength,4,1,#232f62,"rgb(35,47,47)",blues,sally hansen
be iconic,strength,4,1,#b2afca,"rgb(178,175,175)",purples,sally hansen
here to stay,strength,4,1,#6f6265,"rgb(111,98,98)",grays,sally hansen
keep ot,strength,4,1,#c5b8bd,"rgb(197,184,184)",purples,sally hansen
persistint,strength,4,1,#9a7fa0,"rgb(154,127,127)",purples,sally hansen
boss babe,strength,4,1,#88566c,"rgb(136,86,86)",purples,sally hansen
small but mighty,strength,4,1,#864e62,"rgb(134,78,78)",purples,sally hansen
like a girl,strength,4,1,#7a1841,"rgb(122,24,24)",pinks,sally hansen
sorry not sorry,strength,4,1,#892146,"rgb(137,33,33)",pinks,sally hansen
rule breaker,strength,4,1,#3a1527,"rgb(58,21,21)",purples,sally hansen
new at tihue,strength,4,1,#76152c,"rgb(118,21,21)",reds,sally hansen
slay all day,strength,4,1,#c82a61,"rgb(200,42,42)",pinks,sally hansen
class act,strength,4,1,#ce1f38,"rgb(206,31,31)",reds,sally hansen
just getting started,strength,4,1,#db3b46,"rgb(219,59,59)",corals,sally hansen
on fleek,strength,4,1,#e26b73,"rgb(226,107,107)",pinks,sally hansen
make her story,strength,4,1,#d0346e,"rgb(208,52,52)",pinks,sally hansen
lady millionaire,strength,4,1,#7a3b4b,"rgb(122,59,59)",pinks,sally hansen
shero,strength,4,1,#a05e6c,"rgb(160,94,94)",purples,sally hansen
rise up,strength,4,1,#b8807b,"rgb(184,128,128)",pinks,sally hansen
money pink power,strength,4,1,#da758c,"rgb(218,117,117)",pinks,sally hansen
pink like a girl,strength,4,1,#e9a7b1,"rgb(233,167,167)",pinks,sally hansen
boss gloss,strength,4,1,#efc8c0,"rgb(239,200,200)",nudes,sally hansen
wild card,strength,4,1,#a37c59,"rgb(163,124,124)",browns,sally hansen
sheriously strong,strength,4,1,#79534b,"rgb(121,83,83)",browns,sally hansen
always extra,strength,4,1,#c4939a,"rgb(196,147,147)",pinks,sally hansen
take the regins,strength,4,1,#bb927d,"rgb(187,146,146)",browns,sally hansen
rule the world,strength,4,1,#eaccbb,"rgb(234,204,204)",nudes,sally hansen
heroine,strength,4,1,#cb8679,"rgb(203,134,134)",nudes,sally hansen
liquid power,strength,4,1,#e5c9ca,"rgb(229,201,201)",nudes,sally hansen
stay classy,strength,4,1,#e0e2d8,"rgb(224,226,226)",whites,sally hansen
silver storm,exprclassic,4,38,#f6f7f9,"rgb(246,247,247)",whites,sally hansen
iris ilusion,exprclassic,4,38,#9b89b3,"rgb(155,137,137)",purples,sally hansen
blue blitz,exprclassic,4,38,#dff3fa,"rgb(223,243,243)",blues,sally hansen
pine shine,exprclassic,4,38,#a3bfa6,"rgb(163,191,191)",greens,sally hansen
heart of sass,exprclassic,4,38,#f92ff3,"rgb(249,47,47)",pinks,sally hansen
rose bold,exprclassic,4,38,#ca9f8c,"rgb(202,159,159)",nudes,sally hansen
daycream,exprclassic,4,38,#f9ebe7,"rgb(249,235,235)",nudes,sally hansen
on cloud shine,exprclassic,4,38,#e8b8c8,"rgb(232,184,184)",pinks,sally hansen
camel ot,exprclassic,4,38,#d4937e,"rgb(212,147,147)",pinks,sally hansen
red ical rockstar,exprclassic,4,38,#e50f16,"rgb(229,15,15)",reds,sally hansen
drop the beet,exprclassic,4,38,#8a2a52,"rgb(138,42,42)",purples,sally hansen
rock my way,exprclassic,4,38,#5a4144,"rgb(90,65,65)",browns,sally hansen
black out,exprclassic,4,38,#0d0e1e,"rgb(13,14,14)",blacks,sally hansen
heavy metal,exprclassic,4,38,#828f97,"rgb(130,143,143)",blues,sally hansen
retro grade,exprclassic,4,38,#828f97,"rgb(56,73,73)",blues,sally hansen
flirt,exprclassic,4,38,#561e35,"rgb(86,30,30)",purples,sally hansen
brick wall,exprclassic,4,38,#990330,"rgb(153,3,3)",reds,sally hansen
with the beet,exprclassic,4,38,#37002a,"rgb(55,0,0)",purples,sally hansen
rockstar pink,exprclassic,4,38,#8c5985,"rgb(140,89,89)",purples,sally hansen
lacey lilac,exprclassic,4,38,#9489bc,"rgb(148,137,137)",purples,sally hansen
pep plum,exprclassic,4,38,#af2b84,"rgb(175,43,43)",purples,sally hansen
jam sesh,exprclassic,4,38,#7758f1,"rgb(119,88,88)",purples,sally hansen
pacific blue,exprclassic,4,38,#0a59aa,"rgb(10,89,89)",blues,sally hansen
babe blue,exprclassic,4,38,#acc5e3,"rgb(172,197,197)",blues,sally hansen
coral reef,exprclassic,4,38,#f05359,"rgb(240,83,83)",corals,sally hansen
red carpet,exprclassic,4,38,#940623,"rgb(148,6,6)",reds,sally hansen
mellow yellow,exprclassic,4,38,#ffe600,"rgb(255,230,230)",yellows,sally hansen
fuchsia power,exprclassic,4,38,#e52278,"rgb(229,34,34)",pinks,sally hansen
rebel red,exprclassic,4,38,#f31552,"rgb(243,21,21)",pinks,sally hansen
jazzy jade,exprclassic,4,38,#049b9a,"rgb(4,155,155)",greens,sally hansen
strobe light,exprclassic,4,38,#c4a3ab,"rgb(196,163,163)",purples,sally hansen
first blush,exprclassic,4,38,#f6c1d3,"rgb(246,193,193)",pinks,sally hansen
tickled pink,exprclassic,4,38,#f9c4d4,"rgb(249,196,196)",pinks,sally hansen
mauve over,exprclassic,4,38,#8f464f,"rgb(143,70,70)",purples,sally hansen
giant peach,exprclassic,4,38,#f37781,"rgb(243,119,119)",pinks,sally hansen
bamboo shoot,exprclassic,4,38,#fbe3e1,"rgb(251,227,227)",pinks,sally hansen
pucker up,exprclassic,4,38,#e72035,"rgb(231,32,32)",reds,sally hansen
bare it all,exprclassic,4,38,#d99d81,"rgb(217,157,157)",nudes,sally hansen
pink punk,exprclassic,4,38,#e8235d,"rgb(232,35,35)",pinks,sally hansen
cherry red,exprclassic,4,38,#c71b37,"rgb(199,27,27)",reds,sally hansen
golden i,exprclassic,4,38,#dcc491,"rgb(220,196,196)",browns,sally hansen
sun kissed,exprclassic,4,38,#f58233,"rgb(245,130,130)",oranges,sally hansen
disco ball,exprclassic,4,38,#e9e5dd,"rgb(233,229,229)",grays,sally hansen
pink terest,gel couture,4,3018.5,#ee69a2,"rgb(238,105,105)",pinks,sally hansen
head bang,gel couture,4,3018.5,#8b6159,"rgb(139,97,97)",grays,sally hansen
electric pop,gel couture,4,3018.5,#ed526e,"rgb(237,82,82)",pinks,sally hansen
cream of the crop,gel couture,4,3018.5,#f2d7c1,"rgb(242,215,215)",nudes,sally hansen
off with her red!,gel couture,4,3018.5,#b92138,"rgb(185,33,33)",reds,sally hansen
bourbon belle,gel couture,4,3018.5,#ff7698,"rgb(255,118,118)",pinks,sally hansen
redgy,gel couture,4,3018.5,#d71e25,"rgb(215,30,30)",reds,sally hansen
bare dare,gel couture,4,3018.5,#e8dfac,"rgb(232,223,223)",nudes,sally hansen
neblue la,gel couture,4,3018.5,#254647,"rgb(37,70,70)",blues,sally hansen
o zone you didn't,gel couture,4,3018.5,#ced1ea,"rgb(206,209,209)",blues,sally hansen
apollo you anywhere,gel couture,4,3018.5,#e4303c,"rgb(228,48,48)",reds,sally hansen
satel lite pink,gel couture,4,3018.5,#e18288,"rgb(225,130,130)",pinks,sally hansen
saturn it up!,gel couture,4,3018.5,#de7887,"rgb(222,120,120)",pinks,sally hansen
out of this pearl,gel couture,4,3018.5,#e0c1bb,"rgb(224,193,193)",pinks,sally hansen
red-y set run!,gel couture,4,3018.5,#c82248,"rgb(200,34,34)",pinks,sally hansen
onyx pected,gel couture,4,3018.5,#000003,"rgb(0,0,0)",blacks,sally hansen
stilettos & studs,gel couture,4,3018.5,#4d4c52,"rgb(77,76,76)",grays,sally hansen
slate r girl,gel couture,4,3018.5,#6e7079,"rgb(110,112,112)",grays,sally hansen
greyfitti,gel couture,4,3018.5,#a4afba,"rgb(164,175,175)",blues,sally hansen
get mad,gel couture,4,3018.5,#f2f2eb,"rgb(242,242,242)",whites,sally hansen
leaf me be,gel couture,4,3018.5,#3c4940,"rgb(60,73,73)",grays,sally hansen
combustealble,gel couture,4,3018.5,#007c80,"rgb(0,124,124)",blues,sally hansen
mintage,gel couture,4,3018.5,#74b6b2,"rgb(116,182,182)",blues,sally hansen
beet pray love,gel couture,4,3018.5,#892c3f,"rgb(137,44,44)",purples,sally hansen
jealous boyfriend,gel couture,4,3018.5,#092823,"rgb(9,40,40)",blues,sally hansen
lets get digital,gel couture,4,3018.5,#9fb0bb,"rgb(159,176,176)",blues,sally hansen
swim upstream,gel couture,4,3018.5,#0e4e6a,"rgb(14,78,78)",blues,sally hansen
flash ionista,gel couture,4,3018.5,#54aede,"rgb(84,174,174)",blues,sally hansen
sugar fix,gel couture,4,3018.5,#4b89c6,"rgb(75,137,137)",blues,sally hansen
tidal wave,gel couture,4,3018.5,#01519e,"rgb(1,81,81)",blues,sally hansen
midnight mod,gel couture,4,3018.5,#111725,"rgb(17,23,23)",blues,sally hansen
purplexed,gel couture,4,3018.5,#3c2f69,"rgb(60,47,47)",purples,sally hansen
wild for violet,gel couture,4,3018.5,#521e42,"rgb(82,30,30)",purples,sally hansen
street flair,gel couture,4,3018.5,#87668c,"rgb(135,102,102)",purples,sally hansen
boho a go go,gel couture,4,3018.5,#3a1539,"rgb(58,21,21)",purples,sally hansen
orchid ing aside,gel couture,4,3018.5,#e19fff,"rgb(225,159,159)",purples,sally hansen
hunger flames,gel couture,4,3018.5,#9c4c9a,"rgb(156,76,76)",purples,sally hansen
pink stiletto,gel couture,4,3018.5,#9b215e,"rgb(155,33,33)",purples,sally hansen
mad women,gel couture,4,3018.5,#af1c57,"rgb(175,28,28)",pinks,sally hansen
love me lilac,gel couture,4,3018.5,#a67b8e,"rgb(166,123,123)",purples,sally hansen
cabernet with bae,gel couture,4,3018.5,#1b0021,"rgb(27,0,0)",blues,sally hansen
v amplified,gel couture,4,3018.5,#63293b,"rgb(99,41,41)",purples,sally hansen
wine stock,gel couture,4,3018.5,#380005,"rgb(56,0,0)",reds,sally hansen
can't beet royalty,gel couture,4,3018.5,#7b1e29,"rgb(123,30,30)",pinks,sally hansen
bordeaux glow,gel couture,4,3018.5,#ba1b52,"rgb(186,27,27)",purples,sally hansen
dig fig,gel couture,4,3018.5,#751018,"rgb(117,16,16)",reds,sally hansen
rhapsody red,gel couture,4,3018.5,#b30016,"rgb(179,0,0)",reds,sally hansen
red eye,gel couture,4,3018.5,#d71c26,"rgb(215,28,28)",reds,sally hansen
poppy patch,gel couture,4,3018.5,#e10012,"rgb(225,0,0)",reds,sally hansen
world wide red,gel couture,4,3018.5,#ea3c30,"rgb(234,60,60)",reds,sally hansen
malibu peach,gel couture,4,3018.5,#f16659,"rgb(241,102,102)",reds,sally hansen
pink tank,gel couture,4,3018.5,#b81442,"rgb(184,20,20)",pinks,sally hansen
tipsy gypsy,gel couture,4,3018.5,#d41a5c,"rgb(212,26,26)",pinks,sally hansen
pink up,gel couture,4,3018.5,#e93583,"rgb(233,53,53)",pinks,sally hansen
shock wave,gel couture,4,3018.5,#eb659b,"rgb(235,101,101)",pinks,sally hansen
pink cadillaquer,gel couture,4,3018.5,#e878a4,"rgb(232,120,120)",pinks,sally hansen
proper p rose,gel couture,4,3018.5,#bc1f6c,"rgb(188,31,31)",pinks,sally hansen
pink promise,gel couture,4,3018.5,#e691a5,"rgb(230,145,145)",pinks,sally hansen
little peony,gel couture,4,3018.5,#ffdef9,"rgb(255,222,222)",pinks,sally hansen
in the sheer,gel couture,4,3018.5,#f4b9cb,"rgb(244,185,185)",pinks,sally hansen
mauve olous,gel couture,4,3018.5,#cd7778,"rgb(205,119,119)",pinks,sally hansen
smartease,gel couture,4,3018.5,#f0a7bb,"rgb(240,167,167)",pinks,sally hansen
regal rose,gel couture,4,3018.5,#f8bfbe,"rgb(248,191,191)",pinks,sally hansen
plush blush,gel couture,4,3018.5,#f7e1e9,"rgb(247,225,225)",nudes,sally hansen
birthday suit,gel couture,4,3018.5,#ddbbb0,"rgb(221,187,187)",nudes,sally hansen
totem ly yours,gel couture,4,3018.5,#9f6d5c,"rgb(159,109,109)",browns,sally hansen
adrenaline crush,gel couture,4,3018.5,#938584,"rgb(147,133,133)",grays,sally hansen
terra coppa,gel couture,4,3018.5,#b47062,"rgb(180,112,112)",browns,sally hansen
sheer happiness,gel couture,4,3018.5,#ffdfd0,"rgb(255,223,223)",nudes,sally hansen
frill seeker,gel couture,4,3018.5,#ce8775,"rgb(206,135,135)",pinks,sally hansen
per suede,gel couture,4,3018.5,#af503e,"rgb(175,80,80)",browns,sally hansen
shhhh immer,gel couture,4,3018.5,#b76e8b,"rgb(183,110,110)",purples,sally hansen
spice age,gel couture,4,3018.5,#4d2520,"rgb(77,37,37)",browns,sally hansen
game of chromes,gel couture,4,3018.5,#b18c67,"rgb(177,140,140)",browns,sally hansen
mocha me crazy,gel couture,4,3018.5,#b18d7f,"rgb(177,141,141)",nudes,sally hansen
quartz and kisses,gel couture,4,3018.5,#a45695,"rgb(164,86,86)",purples,sally hansen
eternally grapefruit,gel couture,4,3018.5,#e280a1,"rgb(226,128,128)",pinks,sally hansen
sundown socialite,gel couture,4,3018.5,#d5724c,"rgb(213,114,114)",reds,sally hansen
sprinkled with love,gel couture,4,3018.5,#417f77,"rgb(65,127,127)",blues,sally hansen
metro midnight,gel couture,4,3018.5,#cc9293,"rgb(204,146,146)",pinks,sally hansen
